"Cruise","Station","Deployment","Tube","Channel","Region","Habitat",".id","Zone","SSE","P.Value","Top_Concen","Bottom_Concen","Top_Flux","Bottom_Flux","Integrated_Prod","OPD","Temperature","In_situ_temperature","In_situ_Integrated_Prod"
"OR1_1126","GC1","1","9","1","Gaoping","Canyon","OR1_1126_GC1_1_9_Ch1",3,66.191774880268,1.75911313193833e-06,150.784783535851,0.300000011920929,0.00112253474473009,2.92246397950581e-14,-0.00112253474472993,3479,17.96,12.4226166666667,-0.000764729676715466
"OR1_1126","GS1","1","1","1","Gaoping","Slope","OR1_1126_GS1_1_1_Ch1",6,11.6803071799314,0.00505980981271426,148.914171589493,-1.60000002384186,0.00177747312221189,4.63588837129203e-15,-0.00177747312221188,9973,25.57,13.8851333333333,-0.000790776047525976
"OR1_1126","GS1","1","1","2","Gaoping","Slope","OR1_1126_GS1_1_1_Ch2",8,6.26317364371161,0.00702980183985757,121.856595434539,-0.209999993443489,0.00130941052803442,3.75329908241392e-15,-0.00130941052803441,8975,25.57,13.8851333333333,-0.000582540725375043
"OR1_1126","GS4","1","6","1","Gaoping","Slope","OR1_1126_GS4_1_6_Ch1",6,43.9071237819016,0.0397661898667854,107.650802975743,-0.200000002980232,0.00272751971991023,-1.38757669675731e-15,-0.00272751971991016,6467,22,5.53776666666667,-0.00087137540243048
"OR1_1128","GC1","1","10","1","Gaoping","Canyon","OR1_1128_GC1_1_10_Ch1",10,10.4754486780793,0.000702588440841034,193.896932776906,-2.39000010490417,0.00182669414191101,1.55079554438228e-14,-0.00182669414191099,5725,12.41,13.7907166666667,-0.00201015501268484
"OR1_1128","GC1","1","10","2","Gaoping","Canyon","OR1_1128_GC1_1_10_Ch2",10,61.0205739155295,0.00416937202944689,215.213491970953,-1.82000005245209,0.00102851350486118,-4.16422043702598e-16,-0.00102851350486119,6416,12.41,13.7907166666667,-0.00113181048210287
"OR1_1128","GC1","1","10","3","Gaoping","Canyon","OR1_1128_GC1_1_10_Ch3",10,32.5741251617868,0.000870923989295003,222.815694449229,-4.21999979019165,0.000917362679486465,-5.1854796884827e-16,-0.00091736267948648,6711,12.41,13.7907166666667,-0.00100949641557979
"OR1_1128","GC1","1","10","4","Gaoping","Canyon","OR1_1128_GC1_1_10_Ch4",10,79.5919263202152,0.380370384878468,215.998072436039,-3.99000000953674,0.000597686018829514,-4.62203824537683e-16,-0.000597686018829509,6811,12.41,13.7907166666667,-0.000657713581708264
"OR1_1128","GC1","1","2","1","Gaoping","Canyon","OR1_1128_GC1_1_2_Ch1",10,339.093192304375,0.0535500695272901,223.890426884752,-2.09999990463257,0.000732154467088797,1.31810949103328e-14,-0.000732154467088814,7699,12.64,13.7907166666667,-0.000792944406297044
"OR1_1128","GC1","1","2","2","Gaoping","Canyon","OR1_1128_GC1_1_2_Ch2",10,94.9717393194374,0.00327128925435538,213.438448757592,-1.72000002861023,0.0013217375428687,1.20710770739401e-14,-0.00132173754286866,6712,12.64,13.7907166666667,-0.00143147988344291
"OR1_1128","GC1","1","2","3","Gaoping","Canyon","OR1_1128_GC1_1_2_Ch3",10,98.0690859593882,0.018992892161027,222.620319967928,-4.32999992370605,0.00159697492521595,-8.27793872707736e-16,-0.00159697492521592,6317,12.64,13.7907166666667,-0.00172956990753837
"OR1_1128","GC1","1","2","4","Gaoping","Canyon","OR1_1128_GC1_1_2_Ch4",9,94.2574968508262,0.00367987164956585,228.787106697224,-3.99000000953674,0.000109114906910352,-1.85105943945138e-16,-0.000109114906910388,6614,12.64,13.7907166666667,-0.000118174591520616
"OR1_1128","GC1","1","6","1","Gaoping","Canyon","OR1_1128_GC1_1_6_Ch1",10,16.8698888457274,0.0122326869688858,211.421237629452,-2.28999996185303,0.00100445639124565,-3.91926954062309e-16,-0.0010044563912457,6218,12.48,13.7907166666667,-0.00109998709414246
"OR1_1128","GC1","1","6","2","Gaoping","Canyon","OR1_1128_GC1_1_6_Ch2",10,141.004169292694,0.000366027373709499,213.823428680993,-1.67999994754791,0.000601326027764507,-1.81533838212364e-16,-0.0006013260277645,6514,12.48,13.7907166666667,-0.000658516263799749
"OR1_1128","GC1","1","6","3","Gaoping","Canyon","OR1_1128_GC1_1_6_Ch3",8,239.120973218394,0.00590895769607824,226.159687884444,-4.09000015258789,0.00107625522890838,-1.61149382526549e-16,-0.00107625522890832,6981,12.48,13.7907166666667,-0.0011786144944872
"OR1_1128","GC1","1","6","4","Gaoping","Canyon","OR1_1128_GC1_1_6_Ch4",10,81.1235862752982,0.292481030056738,219.008320382985,-3.76999998092651,0.000868175283398741,-2.74807774179381e-16,-0.000868175283398792,6505,12.48,13.7907166666667,-0.000950744716759477
"OR1_1128","GC1","1","8","1","Gaoping","Canyon","OR1_1128_GC1_1_8_Ch1",10,64.7895407453347,0.180852984931197,202.003216012781,-2.19000005722046,0.00215915650655169,-1.0792752160693e-14,-0.00215915650655167,6218,12.57,13.7907166666667,-0.0023498024734654
"OR1_1128","GC1","1","8","2","Gaoping","Canyon","OR1_1128_GC1_1_8_Ch2",10,423.615435527871,0.0288519865177045,220.442470511573,-1.91999995708466,0.00191970474010004,-5.61445475614347e-16,-0.00191970474010004,8192,12.57,13.7907166666667,-0.00208920795362566
"OR1_1128","GC1","1","8","3","Gaoping","Canyon","OR1_1128_GC1_1_8_Ch3",8,185.56148078906,0.214924730896834,237.552731427215,-4.17000007629395,0.00109135368831399,-4.07483273680495e-16,-0.00109135368831397,7305,12.57,13.7907166666667,-0.00118771640149486
"OR1_1128","GC1","1","8","4","Gaoping","Canyon","OR1_1128_GC1_1_8_Ch4",10,81.8861858601696,0.00156254793422184,231.285790424826,-3.35999989509583,0.00121743498432916,-4.82865933219846e-16,-0.00121743498432917,7205,12.57,13.7907166666667,-0.00132493023492252
"OR1_1132","ST3","1","11","1","Dongsha","Slope","OR1_1132_ST3_1_11_Ch1",10,232.5296732425,0.00713965861653931,206.786754601324,-7.11999988555908,0.00376983528340371,-4.47455272137563e-16,-0.00376983528340371,26528,9.68,4.38608333333333,-0.00261191839331672
"OR1_1132","ST3","1","11","2","Dongsha","Slope","OR1_1132_ST3_1_11_Ch2",10,759.202615128359,6.36950097745448e-05,208.07236195212,-2.44000005722046,0.00419122124240285,-5.88583429762184e-16,-0.00419122124240283,25332,9.68,4.38608333333333,-0.00290387431559285
"OR1_1132","ST3","1","11","3","Dongsha","Slope","OR1_1132_ST3_1_11_Ch3",10,273.176119493892,0.130466733535529,317.442529831809,7.38800001144409,0.00223709004818135,-1.84520908584703e-16,-0.00223709004818136,31117,9.68,4.38608333333333,-0.00154996072907331
"OR1_1132","ST3","1","11","4","Dongsha","Slope","OR1_1132_ST3_1_11_Ch4",10,116.765995835782,0.00473987248221897,213.05244718754,-2.41000008583069,0.00057872268994955,-2.17974515679021e-15,-0.000578722689949547,26330,9.68,4.38608333333333,-0.000400966176204967
"OR1_1132","ST3","1","2","1","Dongsha","Slope","OR1_1132_ST3_1_2_Ch1",10,371.270107239355,0.00432717632878055,298.456094200517,-7.32000017166138,0.00288922417500661,-2.88525371014433e-16,-0.00288922417500658,29520,11.13,4.38608333333333,-0.00181037740064565
"OR1_1132","ST3","1","2","2","Dongsha","Slope","OR1_1132_ST3_1_2_Ch2",10,737.148036752243,0.0003909848945024,311.921838438786,-3.64000010490417,0.000717455712679135,-9.07121799809648e-17,-0.000717455712679092,23138,11.13,4.38608333333333,-0.000449555150283687
"OR1_1132","ST3","1","8","1","Dongsha","Slope","OR1_1132_ST3_1_8_Ch1",10,184.86189604256,0.00114491423380558,288.83890744549,-6.62200021743774,0.000275215953418375,1.46290584026336e-14,-0.000275215953418323,24933,9.83,4.38608333333333,-0.000188710203927253
"OR1_1132","ST3","1","8","2","Dongsha","Slope","OR1_1132_ST3_1_8_Ch2",8,497.669770749993,0.000263237163808605,300.62972565806,-3.59999990463257,0.00239520392291533,-1.49194034513537e-14,-0.0023952039229154,23537,9.83,4.38608333333333,-0.00164234454844153
"OR1_1132","ST3","1","8","3","Dongsha","Slope","OR1_1132_ST3_1_8_Ch3",10,213.546095722733,1.65044146551718e-05,306.135166750161,-3.5,0.00630317804214836,-1.31724373016681e-14,-0.00630317804215078,25332,9.83,4.38608333333333,-0.00432196607409629
"OR1_1132","ST3","1","8","4","Dongsha","Slope","OR1_1132_ST3_1_8_Ch4",10,302.628842424971,0.0487767315449384,305.772776235488,-2.48000001907349,0.00293947691029387,-5.29842823210662e-16,-0.00293947691029386,23936,9.83,4.38608333333333,-0.0020155419055154
"OR1_1132","ST3","1","9","1","Dongsha","Slope","OR1_1132_ST3_1_9_Ch1",10,243.218594170524,0.00152294373887218,290.827101451319,-7.46999979019165,0.001646708991341,-8.63436163907942e-17,-0.00164670899134098,27925,10.82,4.38608333333333,-0.00105423314484332
"OR1_1132","ST3","1","9","2","Dongsha","Slope","OR1_1132_ST3_1_9_Ch2",10,473.637861809631,4.39552704413204e-05,294.427845237513,-2.85999989509583,0.0006436808612369,-7.84786578819159e-17,-0.000643680861236866,25731,10.82,4.38608333333333,-0.000412088415248521
"OR1_1132","ST3","1","9","3","Dongsha","Slope","OR1_1132_ST3_1_9_Ch3",10,253.43405840499,0.000166349343488248,314.900798100972,-3.76999998092651,0.00156965247029519,-1.45755611473839e-16,-0.00156965247029527,22539,10.82,4.38608333333333,-0.00100490108985371
"OR1_1132","ST3","1","9","4","Dongsha","Slope","OR1_1132_ST3_1_9_Ch4",10,275.488851516124,0.00792934229354159,310.223862032653,-2.35999989509583,0.00204778254260587,-2.25686503180483e-16,-0.00204778254260582,31116,10.82,4.38608333333333,-0.00131100287980364
"OR1_1132","ST5","1","1","1","Taiping","Slope","OR1_1132_ST5_1_1_Ch1",10,248.194040673646,0.00122273885737001,321.609893039021,-0.603999972343445,0.00128313873633355,-9.10020475439737e-15,-0.00128313873633349,31316,10.45,2.8653,-0.000758492682226314
"OR1_1132","ST5","1","1","2","Taiping","Slope","OR1_1132_ST5_1_1_Ch2",10,292.354737643317,0.00131667760814802,313.614061262976,8.73799991607666,0.00200314588407334,9.44542202176429e-15,-0.00200314588407334,31914,10.45,2.8653,-0.00118410539053861
"OR1_1132","ST5","1","1","3","Taiping","Slope","OR1_1132_ST5_1_1_Ch3",10,273.176119493892,0.130466733535529,317.442529831809,7.38800001144409,0.00223709004818135,-1.84520908584703e-16,-0.00223709004818136,31117,10.45,2.8653,-0.00132239514167848
"OR1_1132","ST5","1","1","4","Taiping","Slope","OR1_1132_ST5_1_1_Ch4",10,660.582031102628,0.00400031050930383,313.118895971116,2.8840000629425,0.0014145763895255,-3.63779076954741e-17,-0.00141457638952554,34906,10.45,2.8653,-0.000836188488059472
"OR1_1132","ST5","1","3","1","Taiping","Slope","OR1_1132_ST5_1_3_Ch1",10,204.657358985285,0.0136385368975415,291.986807197856,-0.479999989271164,0.00184138114331111,-1.34897943261119e-17,-0.00184138114331116,31914,9.87,2.8653,-0.00113313384216754
"OR1_1132","ST5","1","3","2","Taiping","Slope","OR1_1132_ST5_1_3_Ch2",9,154.329877208566,0.0303984087528479,291.612779042113,4.51999998092651,0.00283239899190811,-1.39344286336196e-14,-0.00283239899190813,26130,9.87,2.8653,-0.00174297817912975
"OR1_1132","ST5","1","3","3","Taiping","Slope","OR1_1132_ST5_1_3_Ch3",10,109.948016404399,0.00405540148214389,295.817435282076,2.71199989318848,0.00169102798848107,-2.11978934263979e-16,-0.00169102798848103,32114,9.87,2.8653,-0.00104061076587041
"OR1_1132","ST5","1","3","4","Taiping","Slope","OR1_1132_ST5_1_3_Ch4",10,187.528181319469,0.0226353264672596,290.867009467827,1.16999995708466,0.00127984359532027,6.0626734173557e-15,-0.0012798435953203,27126,9.87,2.8653,-0.000787579527360105
"OR1_1132","ST5","1","5","1","Taiping","Slope","OR1_1132_ST5_1_5_Ch1",8,157.748728304875,0.00803996313710209,285.323974757656,0.370000004768372,0.000878419983156198,-8.43409837227535e-15,-0.000878419983156179,14760,9.31,2.8653,-0.00056194965078836
"OR1_1132","ST5","1","5","2","Taiping","Slope","OR1_1132_ST5_1_5_Ch2",10,111.117975994138,0.0015022054039121,277.529139774751,4.09999990463257,0.00210607312386421,7.74323899450108e-15,-0.00210607312386427,19946,9.31,2.8653,-0.0013473134482186
"OR1_1132","ST5","1","5","3","Taiping","Slope","OR1_1132_ST5_1_5_Ch3",10,333.881678056669,0.000287073743261423,286.12800552633,2.16000008583069,0.00223044534641676,-6.22926282553559e-16,-0.00223044534641671,17753,9.31,2.8653,-0.00142687781192991
"OR1_1132","ST5","1","5","4","Taiping","Slope","OR1_1132_ST5_1_5_Ch4",10,309.559068637075,0.0169540272955827,290.579037940554,1.19000005722046,0.00166461007406698,-1.97399005293166e-14,-0.0016646100740669,16954,9.31,2.8653,-0.00106489727892992
"OR1_1132","ST5","1","8","1","Taiping","Slope","OR1_1132_ST5_1_8_Ch1",10,823.180980063243,0.00352310385872034,302.798602044193,3.59999990463257,0.00145273576196428,-1.16920483455806e-16,-0.00145273576196432,26529,9.83,2.8653,-0.000896454530915233
"OR1_1132","ST5","1","8","2","Taiping","Slope","OR1_1132_ST5_1_8_Ch2",10,638.788108086845,0.00148557106851877,302.550968162942,5.26200008392334,0.00146313146985459,7.58523533202046e-15,-0.00146313146985461,29720,9.83,2.8653,-0.000902869516822732
"OR1_1132","ST5","1","8","3","Taiping","Slope","OR1_1132_ST5_1_8_Ch3",10,483.971992424264,0.00182382682519255,292.890815190924,2.4779999256134,0.00160064543138635,-1.06474700833921e-16,-0.00160064543138631,32513,9.83,2.8653,-0.000987726665043899
"OR1_1132","ST5","1","8","4","Taiping","Slope","OR1_1132_ST5_1_8_Ch4",10,169.091130118852,0.0137625922822641,294.828578454796,1.02999997138977,0.00163646765162445,-2.70125698707863e-16,-0.00163646765162448,29322,9.83,2.8653,-0.00100983184926304
"OR1_1138","GS5","1","2","1","Gaoping","Slope","OR1_1138_GS5_1_2_Ch1",8,52.4002083653918,0.0443339841336547,294.640045881838,-5.73000001907349,0.00109944042356694,-1.69522274478842e-16,-0.00109944042356698,8050,11.46,3.1527,-0.000618154524716341
"OR1_1138","GS5","1","2","2","Gaoping","Slope","OR1_1138_GS5_1_2_Ch2",10,57.469912962385,0.00976591810931537,281.94866238983,-2.22000002861023,0.000171777772661176,-1.56589920085024e-16,-0.000171777772661116,9243,11.46,3.1527,-9.65811381317605e-05
"OR1_1138","GS5","1","2","3","Gaoping","Slope","OR1_1138_GS5_1_2_Ch3",7,24.5097577157544,0.00108884750991023,285.106679544465,-3.04999995231628,0.00114610817570773,-4.47399771671496e-16,-0.00114610817570783,9243,11.46,3.1527,-0.000644393219897854
"OR1_1138","GS5","1","5","1","Gaoping","Slope","OR1_1138_GS5_1_5_Ch1",9,355.710467341836,0.0294359617944984,293.519668502201,-6.03000020980835,-0.000232497531177808,-2.60007488747453e-14,0.000232497531177807,10436,11.03,3.1527,0.000134675311001549
"OR1_1138","GS5","1","5","2","Gaoping","Slope","OR1_1138_GS5_1_5_Ch2",9,472.215854751244,0.00316862144168495,279.708918212098,-2.61999988555908,0.00218565734979955,-8.72949059654871e-16,-0.00218565734979963,10138,11.03,3.1527,-0.00126605251176613
"OR1_1138","GS5","1","5","3","Gaoping","Slope","OR1_1138_GS5_1_5_Ch3",8,238.873673956234,0.00520597837495718,295.91097576903,-2.92000007629395,-2.44077881649761e-05,-2.87518900064405e-14,2.44077881650778e-05,10436,11.03,3.1527,1.41383284602617e-05
"OR1_1138","GS5","1","5","4","Gaoping","Slope","OR1_1138_GS5_1_5_Ch4",9,95.7540288590015,0.0276904453075886,282.488199246126,-6.21000003814697,0.00044086888649751,-2.25140580290559e-14,-0.000440868886497467,11032,11.03,3.1527,-0.000255375418823459
"OR1_1138","GS5","1","8","1","Gaoping","Slope","OR1_1138_GS5_1_8_Ch1",9,342.790777897462,0.0195134265767147,310.773343829928,-5.21000003814697,-0.000203446229969286,-5.90590062181162e-17,0.000203446229969342,11926,12.85,3.1527,0.000103879973154808
"OR1_1138","GS5","1","8","2","Gaoping","Slope","OR1_1138_GS5_1_8_Ch2",10,146.435881381373,0.00824101856175041,292.295313984665,-2.4300000667572,0.000250282487413776,-1.43847146689261e-14,-0.000250282487413762,12821,12.85,3.1527,-0.000127794641746756
"OR1_1138","GS5","1","8","3","Gaoping","Slope","OR1_1138_GS5_1_8_Ch3",10,342.346968331875,0.00140480616704253,301.485089942678,-2.22000002861023,0.00267565848178445,-8.67356425635924e-16,-0.00267565848178452,11927,12.85,3.1527,-0.00136619553629032
"OR1_1138","GS5","1","8","4","Gaoping","Slope","OR1_1138_GS5_1_8_Ch4",10,195.94892908353,0.000578117670740452,296.921401844145,-5.82000017166138,0.00112575530824212,-2.14428452635114e-16,-0.00112575530824221,12523,12.85,3.1527,-0.000574812476086216
"OR1_1138","GS6","1","1","1","Gaoping","Slope","OR1_1138_GS6_1_1_Ch1",10,53.0990495384249,0.00493442496967778,291.480030890685,4.26999998092651,0.0015399680383217,-1.95448417585492e-14,-0.00153996803832166,9175,11.48,2.65661666666667,-0.000835413333710843
"OR1_1138","GS6","1","1","2","Gaoping","Slope","OR1_1138_GS6_1_1_Ch2",10,49.7838805412887,0.0382138963650642,290.708388019872,4.96999979019165,0.00339082236503453,-8.32369285828355e-16,-0.00339082236503459,8377,11.48,2.65661666666667,-0.00183947857715417
"OR1_1138","GS6","1","1","3","Gaoping","Slope","OR1_1138_GS6_1_1_Ch3",9,39.072649093549,0.0479583078296333,286.510515578665,4.1100001335144,0.00129713879523009,-3.81262508195495e-16,-0.00129713879522998,8976,11.48,2.65661666666667,-0.00070368151691626
"OR1_1138","GS6","1","1","4","Gaoping","Slope","OR1_1138_GS6_1_1_Ch4",10,75.8673414535235,0.0276983065365214,286.327386465783,-1.78999996185303,0.00282347610585018,-9.19847801584899e-16,-0.00282347610585028,10173,11.48,2.65661666666667,-0.00153170035191899
"OR1_1138","GS6","1","3","1","Gaoping","Slope","OR1_1138_GS6_1_3_Ch1",8,32.7261105930953,0.00469312842524428,290.037035493057,3.75999999046326,0.00545191949821651,-1.64034166351293e-15,-0.00545191949821638,10138,12.05,2.65661666666667,-0.00284302330747469
"OR1_1138","GS6","1","3","2","Gaoping","Slope","OR1_1138_GS6_1_3_Ch2",7,108.229756961881,0.00145629955976034,290.135932863249,4.25,0.00261113686383006,-6.42157240954427e-16,-0.00261113686383004,12523,12.05,2.65661666666667,-0.00136163473530814
"OR1_1138","GS6","1","3","3","Gaoping","Slope","OR1_1138_GS6_1_3_Ch3",10,58.6285011426033,0.0147578909826498,288.614587279639,4.3600001335144,0.000549775791755671,1.49990142553479e-16,-0.000549775791755649,12821,12.05,2.65661666666667,-0.000286692675920474
"OR1_1138","GS6","1","3","4","Gaoping","Slope","OR1_1138_GS6_1_3_Ch4",8,115.959221200533,0.00333330276651167,286.441033411935,1.27999997138977,0.00491551130887647,-1.97625617532134e-15,-0.00491551130887663,8647,12.05,2.65661666666667,-0.00256330146178124
"OR1_1138","GS6","1","8","1","Gaoping","Slope","OR1_1138_GS6_1_8_Ch1",10,115.410034310455,0.00182160100217321,282.399723118123,3.91000008583069,0.00866100764976326,-1.63796683116626e-15,-0.00866100764976331,13962,12.85,2.65661666666667,-0.00427284371421888
"OR1_1138","GS6","1","8","2","Gaoping","Slope","OR1_1138_GS6_1_8_Ch2",9,217.506213831667,0.00138080290222853,290.478643917974,4.90000009536743,0.00138633229942896,-4.76887224226862e-16,-0.00138633229942899,9974,12.85,2.65661666666667,-0.000683936730109649
"OR1_1138","GS6","1","8","3","Gaoping","Slope","OR1_1138_GS6_1_8_Ch3",10,21.1291913497724,0.0102218648895264,271.323422278141,4.73999977111816,0.00190545509335229,-8.17034072486184e-16,-0.00190545509335246,7381,12.85,2.65661666666667,-0.000940042099902765
"OR1_1138","GS6","1","8","4","Gaoping","Slope","OR1_1138_GS6_1_8_Ch4",9,96.6313353097635,0.0355176506105822,283.900930411674,-1.16999995708466,0.00355776806537148,-9.03611066796367e-16,-0.00355776806537136,8777,12.85,2.65661666666667,-0.00175519841680155
"OR1_1138","GS7","1","4","1","Gaoping","Slope","OR1_1138_GS7_1_4_Ch1",8,18.3936433539677,0.000759415137879027,301.381766989481,-5.96999979019165,0.00183588527456687,-1.92035432608808e-14,-0.00183588527456676,10734,11.78,2.36313333333333,-0.000955805676029135
"OR1_1138","GS7","1","4","2","Gaoping","Slope","OR1_1138_GS7_1_4_Ch2",10,47.6097691449813,8.25992895095995e-05,301.926063875962,-3.63000011444092,0.000820232801854015,-4.89091163508235e-16,-0.000820232801853987,11032,11.78,2.36313333333333,-0.000427032766446874
"OR1_1138","GS7","1","4","3","Gaoping","Slope","OR1_1138_GS7_1_4_Ch3",7,25.8366677109277,0.000707625770215881,301.96446892706,-3.17000007629395,0.00200367404760131,-1.91412352356161e-14,-0.00200367404760129,10138,11.78,2.36313333333333,-0.0010431605145161
"OR1_1138","GS7","1","4","4","Gaoping","Slope","OR1_1138_GS7_1_4_Ch4",10,33.5443936207991,0.0350690152231942,282.265347582302,-6.25,0.0034762049013523,-1.05805716325099e-15,-0.00347620490135221,9243,11.78,2.36313333333333,-0.00180979520985418
"OR1_1138","GS7","1","8","1","Gaoping","Slope","OR1_1138_GS7_1_8_Ch1",10,22.8856304045665,0.000263660372116892,297.666882117122,-5.26000022888184,0.00172967274850248,-6.4829188412186e-16,-0.00172967274850255,10734,12.85,2.36313333333333,-0.000836137690093881
"OR1_1138","GS7","1","8","2","Gaoping","Slope","OR1_1138_GS7_1_8_Ch2",10,43.2963181060324,0.000339236548971944,298.223728697804,-3.75,0.00194622920028578,2.02365220807614e-14,-0.00194622920028569,8349,12.85,2.36313333333333,-0.000940822817107441
"OR1_1138","GS7","1","8","3","Gaoping","Slope","OR1_1138_GS7_1_8_Ch3",10,18.7654438589658,0.00862919432911591,297.896804515329,-2.76999998092651,0.00152106865495192,-4.88794175866377e-16,-0.00152106865495202,9840,12.85,2.36313333333333,-0.000735296796880716
"OR1_1138","GS7","1","8","4","Gaoping","Slope","OR1_1138_GS7_1_8_Ch4",8,62.9993424023438,0.0157354944833719,281.136943094639,-4.82999992370605,0.0018125113817575,-7.0255481684782e-16,-0.00181251138175755,10138,12.85,2.36313333333333,-0.000876182550325584
"OR1_1138","GS7","1","9","1","Gaoping","Slope","OR1_1138_GS7_1_9_Ch1",8,16.9060324309381,0.00432281756314989,305.620868889011,-4.3899998664856,0.00324154948831345,-2.14916011278139e-14,-0.00324154948831333,11331,12.03,2.36313333333333,-0.001658635564247
"OR1_1138","GS7","1","9","2","Gaoping","Slope","OR1_1138_GS7_1_9_Ch2",7,20.3820650370183,0.00345695295491066,306.516174419033,-2.74000000953674,0.00234373444993009,-4.26511015584154e-16,-0.00234373444993022,9541,12.03,2.36313333333333,-0.00119924169778074
"OR1_1138","GS7","1","9","3","Gaoping","Slope","OR1_1138_GS7_1_9_Ch3",8,15.8119197172489,0.0135552424785499,326.243879817,-1.11000001430511,0.00157130822656104,-2.36806650256418e-14,-0.00157130822656109,9840,12.03,2.36313333333333,-0.000804006761693528
"OR1_1138","GS7","1","9","4","Gaoping","Slope","OR1_1138_GS7_1_9_Ch4",8,47.4052133949734,0.0290957678019677,285.268201566156,-2.74000000953674,0.00134218133777028,-2.1744676104303e-14,-0.00134218133777034,10138,12.03,2.36313333333333,-0.000686767149019482
"OR1_1138","S27","1","1","2","Formosa","Canyon","OR1_1138_S27_1_1_Ch2",10,34.9167929554031,0.00546842061681385,120.300814089949,-4.82000017166138,0.00233590914105695,-4.0118510620183e-16,-0.00233590914105696,19547,11.48,2.32175,-0.00123812687453143
"OR1_1138","S27","1","1","3","Formosa","Canyon","OR1_1138_S27_1_1_Ch3",10,16.2425200524628,0.0011821236997217,119.760166724513,-2.26999998092651,0.00204257605032354,4.06615188873964e-15,-0.00204257605032355,19548,11.48,2.32175,-0.0010826484030263
"OR1_1138","S27","1","12","1","Formosa","Canyon","OR1_1138_S27_1_12_Ch1",10,51.2081485719743,7.82078118090057e-05,139.272801100885,-6.44000005722046,0.000376534406250082,2.44916940523315e-15,-0.000376534406250067,20871,10.73,2.32175,-0.000210228271907173
"OR1_1138","S27","1","12","2","Formosa","Canyon","OR1_1138_S27_1_12_Ch2",9,38.0025212746765,0.0135016617684941,136.368495159966,-4.67999982833862,0.000514803130326296,3.92119155895933e-15,-0.00051480313032627,11330,10.73,2.32175,-0.000287427046943006
"OR1_1138","S27","1","12","3","Formosa","Canyon","OR1_1138_S27_1_12_Ch3",10,61.8899704316217,0.0254609073632868,145.674492657761,-3.02999997138977,0.000838750386873629,-2.26928987163906e-16,-0.000838750386873595,16101,10.73,2.32175,-0.000468294640455256
"OR1_1138","S27","1","12","4","Formosa","Canyon","OR1_1138_S27_1_12_Ch4",10,63.9135715123582,0.0184106827143024,138.953389355994,-5.78000020980835,0.000735513147701514,2.30404980421666e-15,-0.000735513147701518,17294,10.73,2.32175,-0.000410654791274517
"OR1_1138","S27","1","2","1","Formosa","Canyon","OR1_1138_S27_1_2_Ch1",10,123.60086359089,0.017898285561993,169.062163036771,-8.23999977111816,0.000712386142716184,-3.75747594004253e-15,-0.00071238614271621,20355,11.46,2.32175,-0.00037811745595842
"OR1_1138","S27","1","2","2","Formosa","Canyon","OR1_1138_S27_1_2_Ch2",10,52.157955040951,0.00100521147963828,165.835470978667,-5.12799978256226,0.000369049606080153,-1.24487073603998e-16,-0.000369049606080149,20744,11.46,2.32175,-0.000195882667848401
"OR1_1138","S27","1","2","3","Formosa","Canyon","OR1_1138_S27_1_2_Ch3",10,72.8803342914984,0.000479124201405612,172.026637870964,-4.55999994277954,0.000601794367567847,-9.70581820185423e-17,-0.000601794367567861,20346,11.46,2.32175,-0.000319417997670841
"OR1_1138","S27","1","2","4","Formosa","Canyon","OR1_1138_S27_1_2_Ch4",8,93.3095328525243,0.00423491393508424,162.626130909249,-7.34999990463257,0.000310401566075982,1.25659685872096e-16,-0.000310401566076042,9973,11.46,2.32175,-0.000164753696699766
"OR1_1138","S27a","1","11","1","Penghu","Canyon","OR1_1138_S27a_1_11_Ch1",10,152.247350140764,0.415815981323097,260.395376595304,-5.69999980926514,0.00143351856049625,1.377429905258e-14,-0.00143351856049624,10138,10.35,2.32175,-0.000821729567555417
"OR1_1138","S27a","1","11","2","Penghu","Canyon","OR1_1138_S27a_1_11_Ch2",9,56.6888217694157,0.00298364760938197,255.720663790177,-5.11999988555908,0.00153110597087481,1.33420100666218e-14,-0.00153110597087473,10138,10.35,2.32175,-0.000877669171505442
"OR1_1138","S27a","1","11","3","Penghu","Canyon","OR1_1138_S27a_1_11_Ch3",9,43.1526254545751,0.0032949038472595,270.609303291555,-3.39000010490417,0.0015250340547716,1.80411533324548e-14,-0.00152503405477171,10734,10.35,2.32175,-0.000874188593624511
"OR1_1138","S27a","1","11","4","Penghu","Canyon","OR1_1138_S27a_1_11_Ch4",7,126.067297089785,0.00397150848801275,245.311310261628,-4.8899998664856,0.000962641627449635,1.3130777948483e-14,-0.000962641627449686,10138,10.35,2.32175,-0.000551810845031014
"OR1_1138","S27a","1","3","1","Penghu","Canyon","OR1_1138_S27a_1_3_Ch1",10,41.7349157699959,0.00167480314871826,272.711191758579,-5.76999998092651,0.00139135043555585,-3.06522335302242e-16,-0.00139135043555589,10436,12.05,2.32175,-0.000708903340394768
"OR1_1138","S27a","1","3","2","Penghu","Canyon","OR1_1138_S27a_1_3_Ch2",10,85.0450127685852,0.00846494640440998,269.96083100342,-4.75,0.00354093522387905,3.23332224276204e-14,-0.00354093522387915,7753,12.05,2.32175,-0.00180413269308859
"OR1_1138","S27a","1","3","3","Penghu","Canyon","OR1_1138_S27a_1_3_Ch3",10,18.1335008357274,0.00964292718423543,275.980308838181,-3.17000007629395,0.00127949690906452,-2.85646163459048e-14,-0.00127949690906453,8647,12.05,2.32175,-0.000651913141133444
"OR1_1138","S27a","1","3","4","Penghu","Canyon","OR1_1138_S27a_1_3_Ch4",10,90.5576577699041,0.31705694349139,273.900684647606,-4.73999977111816,0.00112362655390578,-2.75047102403573e-14,-0.00112362655390584,8647,12.05,2.32175,-0.000572496042021123
"OR1_1138","S27a","1","8","1","Penghu","Canyon","OR1_1138_S27a_1_8_Ch1",10,202.376814684035,0.499483974004875,292.919828544537,-4.55000019073486,0.00366464967261955,-2.25186878886693e-14,-0.00366464967261946,10435,12.85,2.32175,-0.0017664467855189
"OR1_1138","S27a","1","8","3","Penghu","Canyon","OR1_1138_S27a_1_8_Ch3",10,29.1284075991452,0.00143445337645354,301.342659671526,-2.98000001907349,0.00166482468904237,-4.19585560424825e-16,-0.00166482468904251,10734,12.85,2.32175,-0.000802484407277484
"OR1_1138","S27a","1","8","4","Penghu","Canyon","OR1_1138_S27a_1_8_Ch4",10,109.10428361397,0.00141555912086411,291.394170391774,-4.55999994277954,0.00253307295518044,-1.11224545387581e-15,-0.00253307295518048,9243,12.85,2.32175,-0.00122100036262541
"OR1_1151","GC1","2","3","1","Gaoping","Canyon","OR1_1151_GC1_2_3_Ch1",10,243.981383079365,0.0528152379706925,304.055903249246,-7.80000019073486,0.0010039038316832,-2.29336033879467e-16,-0.00100390383168321,8884,12.36,12.1796166666667,-0.000991429945698594
"OR1_1151","GC1","2","3","2","Gaoping","Canyon","OR1_1151_GC1_2_3_Ch2",10,1395.33661059486,0.0280864816295351,293.64184253734,-18.7800006866455,0.00149659523664926,-4.66940843141805e-16,-0.00149659523664922,9279,12.36,12.1796166666667,-0.00147799947303332
"OR1_1151","GC1","2","3","3","Gaoping","Canyon","OR1_1151_GC1_2_3_Ch3",10,369.539448130183,0.310550891147171,281.270198078388,-6.92999982833862,8.59474858404449e-05,-5.30193842818503e-17,-8.59474858404062e-05,6810,12.36,12.1796166666667,-8.48795557208049e-05
"OR1_1151","GC4","1","4","2","Gaoping","Canyon","OR1_1151_GC4_1_4_Ch2",10,156.625809581669,0.0185446626559154,177.101008599239,13.4700002670288,0.000663997494101247,-1.87416562583849e-16,-0.000663997494101335,7205,11.14,6.30191666666667,-0.000474816300452774
"OR1_1151","GS1","1","8","2","Gaoping","Slope","OR1_1151_GS1_1_8_Ch2",10,624.566784212442,0.00291649150702566,166.651402899743,15.4899997711182,0.000928916731323868,7.50516686773413e-15,-0.000928916731323836,12634,13.32,12.963,-0.000906212429186888
"OR1_1151","GS1","1","9","2","Gaoping","Slope","OR1_1151_GS1_1_9_Ch2",10,224.313422655821,0.00251546292414784,213.096706832321,15.460000038147,0.00150197196462564,-6.02260487249718e-16,-0.00150197196462567,10759,14.23,12.963,-0.00137569236150691
"OR1_1151","GS3","1","1","2","Gaoping","Slope","OR1_1151_GS3_1_1_Ch2",10,191.988229437896,0.467827341371622,132.77343293408,12.210000038147,0.000393347871904522,-8.6597470054248e-15,-0.000393347871904568,12230,12.24,7.01223333333333,-0.000273782287126019
"OR1_1151","GS3","1","12","2","Gaoping","Slope","OR1_1151_GS3_1_12_Ch2",10,131.804038204019,0.0882540142943384,144.545501356309,12.6199998855591,0.000808351650508226,-2.81977304663733e-16,-0.000808351650508292,7600,12,7.01223333333333,-0.00057207581976958
"OR1_1151","GS4","1","9","2","Gaoping","Slope","OR1_1151_GS4_1_9_Ch2",10,253.238197347559,0.0173215924266249,166.04119291448,12.6599998474121,0.00199478674208464,1.16222103292936e-14,-0.00199478674208459,12141,14.23,5.77091666666667,-0.00110982036863264
"OR1_1169","GS10","1","2","1","Gaoping","Slope","OR1_1169_GS10_1_2_Ch1",10,1202.46428732764,0.0010251902756504,250.690595551994,1.52999997138977,0,-8.42169206065686e-06,-8.42169206557501e-06,17294,11.4,2.36716666666667,-4.50281370981477e-06
"OR1_1169","GS10","1","2","2","Gaoping","Slope","OR1_1169_GS10_1_2_Ch2",10,1907.55494032812,0.499998036555178,254.881928713209,2.67000007629395,0,-4.59320102995004e-06,-4.59320102991464e-06,16101,11.4,2.36716666666667,-2.45584003884175e-06
"OR1_1169","GS10","1","2","3","Gaoping","Slope","OR1_1169_GS10_1_2_Ch3",10,2305.7466792883,0.499999376423973,239.921679818536,1.99000000953674,0,-4.02476372694277e-06,-4.02476373651419e-06,15207,11.4,2.36716666666667,-2.15191450725455e-06
"OR1_1169","GS10","1","2","4","Gaoping","Slope","OR1_1169_GS10_1_2_Ch4",10,2078.6080168122,0.499998790471133,248.539495205245,1.92999994754791,0,6.24218727118733e-05,6.24218727120003e-05,11927,11.4,2.36716666666667,3.33750108708963e-05
"OR1_1169","GS10","1","5","1","Gaoping","Slope","OR1_1169_GS10_1_5_Ch1",10,88.6801060380355,0.00733324480909336,255.408871264953,1.36000001430511,0,-0.000165883384562347,-0.000165883384562117,15505,11.1,2.36716666666667,-9.05562458281828e-05
"OR1_1169","GS10","1","5","2","Gaoping","Slope","OR1_1169_GS10_1_5_Ch2",10,154.448488735198,0.215881796476515,245.990761762036,2.39000010490417,0,-0.000307585494296603,-0.000307585494296707,14312,11.1,2.36716666666667,-0.000167911859938483
"OR1_1169","GS10","1","5","3","Gaoping","Slope","OR1_1169_GS10_1_5_Ch3",10,144.174844432737,0.0180330246880628,233.801342486748,0.839999973773956,0,5.4687770377271e-05,5.46877703625902e-05,16399,11.1,2.36716666666667,2.98542207215182e-05
"OR1_1169","GS10","1","5","4","Gaoping","Slope","OR1_1169_GS10_1_5_Ch4",10,75.0370621400739,0.00328745308689837,252.392464228733,1.18400001525879,0,-8.16266580862882e-05,-8.16266580860189e-05,16698,11.1,2.36716666666667,-4.4560241734172e-05
"OR1_1169","GS10","1","7","1","Gaoping","Slope","OR1_1169_GS10_1_7_Ch1",10,619.918699841737,0.00124894845033297,223.271771977255,1.22000002861023,0,-8.2773690668446e-05,-8.27736906685405e-05,23257,10.1,2.36716666666667,-4.84295954494935e-05
"OR1_1169","GS10","1","7","2","Gaoping","Slope","OR1_1169_GS10_1_7_Ch2",10,467.088236585676,0.00177619920491379,218.825024838669,2.59999990463257,0,-0.000144252416809399,-0.000144252416793504,19381,10.1,2.36716666666667,-8.43998392665158e-05
"OR1_1169","GS10","1","7","3","Gaoping","Slope","OR1_1169_GS10_1_7_Ch3",10,333.286290225277,0.342704670083241,226.43771962212,0.829999983310699,0,-0.000105676750876813,-0.000105676750876766,20573,10.1,2.36716666666667,-6.18298187750594e-05
"OR1_1169","GS10","1","7","4","Gaoping","Slope","OR1_1169_GS10_1_7_Ch4",10,204.255650357691,0.00063794019579011,224.465869601177,1.12000000476837,0,-0.000171309885820175,-0.000171309885820006,18486,10.1,2.36716666666667,-0.000100230742398382
"OR1_1169","GS5","1","1","1","Gaoping","Slope","OR1_1169_GS5_1_1_Ch1",10,69.034719942185,0.00764705679178612,248.579067764107,0.0900000035762787,0,1.21858764009194e-05,1.21858763885212e-05,13716,9.1,3.15983333333333,8.07309259725647e-06
"OR1_1169","GS5","1","1","2","Gaoping","Slope","OR1_1169_GS5_1_1_Ch2",10,221.964627223191,0.246517621406842,229.961669511834,0.340000003576279,0,4.60157565919672e-05,4.60157565921178e-05,11926,9.1,3.15983333333333,3.04852480081708e-05
"OR1_1169","GS5","1","1","3","Gaoping","Slope","OR1_1169_GS5_1_1_Ch3",10,22.0824699760289,0.146877862352277,211.043410768482,-0.209999993443489,0,-4.54211142751881e-05,-4.54211142753928e-05,11330,9.1,3.15983333333333,-3.00912999381173e-05
"OR1_1169","GS5","1","1","4","Gaoping","Slope","OR1_1169_GS5_1_1_Ch4",10,96.5653060818639,0.476077778722995,230.714109353426,0.560000002384186,0,-2.57760156209804e-05,-2.57760156208905e-05,12225,9.1,3.15983333333333,-1.70765035079295e-05
"OR1_1169","GS5","1","2","1","Gaoping","Slope","OR1_1169_GS5_1_2_Ch1",10,43.0761881959689,0.487844131622841,194.387911214073,0.280000001192093,0,-1.80102857345976e-05,-1.80102857490841e-05,9840,11.4,3.15983333333333,-1.01734175507128e-05
"OR1_1169","GS5","1","2","2","Gaoping","Slope","OR1_1169_GS5_1_2_Ch2",10,182.18341539599,0.401065512562523,179.180940316933,0.632000029087067,0,-0.00013362033581136,-0.000133620335811271,7455,11.4,3.15983333333333,-7.54777291383982e-05
"OR1_1169","GS5","1","2","3","Gaoping","Slope","OR1_1169_GS5_1_2_Ch3",10,58.5259488160213,0.134865572030463,171.46634820401,-0.239999994635582,0,9.85792582522674e-06,9.8579258108673e-06,11629,11.4,3.15983333333333,5.56841778387676e-06
"OR1_1169","GS5","1","2","4","Gaoping","Slope","OR1_1169_GS5_1_2_Ch4",10,78.2397537770438,0.0653223492739272,186.301581620991,0.280000001192093,0,8.26672569618897e-06,8.26672569636292e-06,10436,11.4,3.15983333333333,4.66960121888038e-06
"OR1_1169","GS5","1","5","1","Gaoping","Slope","OR1_1169_GS5_1_5_Ch1",10,768.933643248321,0.485107201693384,196.387105719812,0.769999980926514,0,8.75300750437642e-06,8.75300750410851e-06,8647,11.1,3.15983333333333,5.04817575933565e-06
"OR1_1169","GS5","1","5","2","Gaoping","Slope","OR1_1169_GS5_1_5_Ch2",10,466.09931663314,0.492773023984957,234.730569286535,1.10000002384186,0,-4.32685600351698e-06,-4.32685600322347e-06,10137,11.1,3.15983333333333,-2.49545422865867e-06
"OR1_1169","GS5","1","5","3","Gaoping","Slope","OR1_1169_GS5_1_5_Ch3",10,146.89063495857,0.41958397958873,237.063211500822,1.74000000953674,0,-1.05174295110118e-05,-1.05174295109023e-05,9839,11.1,3.15983333333333,-6.06578169646686e-06
"OR1_1169","GS5","1","5","4","Gaoping","Slope","OR1_1169_GS5_1_5_Ch4",10,777.900922562198,0.18414608219956,234.099795160915,1.62999999523163,0,-9.61236325467288e-05,-9.61236325466592e-05,9839,11.1,3.15983333333333,-5.54379727760504e-05
"OR1_1169","GS5","7","10","1","Gaoping","Slope","OR1_1169_GS5_7_10_Ch1",10,54.6777646802372,0.0282676568336755,214.763967541272,0.100000001490116,0,2.09472337913823e-06,2.09472338554882e-06,13716,10.2,3.15983333333333,1.28586846916395e-06
"OR1_1169","GS5","7","10","2","Gaoping","Slope","OR1_1169_GS5_7_10_Ch2",10,74.9408736439067,0.000189170226763014,219.444838220657,-0.720000028610229,0,0.000191086396691852,0.000191086396691869,11331,10.2,3.15983333333333,0.000117300438849043
"OR1_1169","GS5","7","10","3","Gaoping","Slope","OR1_1169_GS5_7_10_Ch3",10,167.214293930138,0.489238821868479,215.015560529514,1.76999998092651,0,-2.00914848582907e-06,-2.00914848564968e-06,11628,10.2,3.15983333333333,-1.23333739690339e-06
"OR1_1169","GS5","7","10","4","Gaoping","Slope","OR1_1169_GS5_7_10_Ch4",10,59.5565525321703,0.0360241763024035,229.584076759237,1.52999997138977,0,-2.03066253234517e-06,-2.0306625406721e-06,13715,10.2,3.15983333333333,-1.24654403086186e-06
"OR1_1169","GS7","7","7","1","Gaoping","Slope","OR1_1169_GS7_7_7_Ch1",10,127.038040779848,0.000661890087276573,158.383688410157,-0.0299999993294477,0,-8.54731699214806e-05,-8.54731699212856e-05,10435,10.2,2.40835,-4.98055538878811e-05
"OR1_1169","GS7","7","7","2","Gaoping","Slope","OR1_1169_GS7_7_7_Ch2",10,104.975944481648,0.410215141481911,115.832600645342,-0.610000014305115,0,4.68067691142116e-05,4.68067691142846e-05,7454,10.2,2.40835,2.72744893349107e-05
"OR1_1169","GS7","7","7","3","Gaoping","Slope","OR1_1169_GS7_7_7_Ch3",10,38.4370058384818,0.0536127071795858,141.651433605017,1.08000004291534,0,-2.69960304151882e-05,-2.69960304151931e-05,9243,10.2,2.40835,-1.57306936064383e-05
"OR1_1169","GS7","7","7","4","Gaoping","Slope","OR1_1169_GS7_7_7_Ch4",10,191.618216043689,0.00550375203884135,158.642425989175,0.449999988079071,0,-2.77111433600916e-05,-2.77111433658323e-05,12225,10.2,2.40835,-1.61473927487748e-05
"OR1_1169","GS7","7","8","1","Gaoping","Slope","OR1_1169_GS7_7_8_Ch1",10,235.250037180068,0.248932508864109,176.842002362054,0.449999988079071,0,-5.82723666838658e-05,-5.82723666838347e-05,10138,10.9,2.40835,-3.23473360749978e-05
"OR1_1169","GS7","7","8","2","Gaoping","Slope","OR1_1169_GS7_7_8_Ch2",10,284.845518827887,0.498506886695688,162.426134833429,-0.360000014305115,0,-2.68515643846758e-05,-2.68515643847349e-05,11032,10.9,2.40835,-1.49054625154501e-05
"OR1_1169","GS7","7","8","3","Gaoping","Slope","OR1_1169_GS7_7_8_Ch3",10,2365.08372654687,0.499999712347891,168.050410724188,0.920000016689301,0,2.95778956247937e-05,2.95778956247816e-05,11926,10.9,2.40835,1.64188651433551e-05
"OR1_1169","GS7","7","8","4","Gaoping","Slope","OR1_1169_GS7_7_8_Ch4",10,3408.04527141007,0.499999333188232,175.482293698715,0.660000026226044,0,-3.45176329017611e-05,-3.45176329016389e-05,8945,10.9,2.40835,-1.91609425791944e-05
"OR1_1182","KS1","1","5","2","Kaohsiung","Slope","OR1_1182_KS1_1_5_Ch2",10,219.990603396479,0.00122550057177573,303.676645218385,3.55999994277954,0,-8.75181841075756e-05,-8.75181841069892e-05,9700,11,14.56,-0.000112012109548283
"OR1_1182","KS1","1","5","3","Kaohsiung","Slope","OR1_1182_KS1_1_5_Ch3",10,118.814753833209,0.443646783377623,284.559209495333,1.08280849456787,0,-0.000230310485327587,-0.000230310485327171,9600,11,14.56,-0.00029476803678934
"OR1_1182","KS2","1","5","3","Kaohsiung","Slope","OR1_1182_KS2_1_5_Ch3",10,160.802215042789,0.0235034139367247,296.708159779177,0.670000016689301,0,-0.00014027880396551,-0.000140278803965586,8200,11,9.11323333333333,-0.000123082049199793
"OR1_1182","KS2","1","5","4","Kaohsiung","Slope","OR1_1182_KS2_1_5_Ch4",10,309.964620804072,0.128458876583947,264.724694417081,3.39000010490417,0,-3.21243603820551e-05,-3.2124360399229e-05,9000,11,9.11323333333333,-2.81862405110025e-05
"OR1_1182","KS3","1","3","2","Kaohsiung","Slope","OR1_1182_KS3_1_3_Ch2",10,138.534629605028,0.00813589044288288,200.444501750833,3.41000008583069,0,4.67943251023877e-06,4.6794324976581e-06,5900,11,7.1197,3.57589302058499e-06
"OR1_1182","KS3","1","3","3","Kaohsiung","Slope","OR1_1182_KS3_1_3_Ch3",10,135.101374374116,0.186262373230326,235.615470243707,-0.589999973773956,0,-0.000227540981543942,-0.000227540981543868,8200,11,7.1197,-0.000173880531070164
"OR1_1182","KS3","1","3","4","Kaohsiung","Slope","OR1_1182_KS3_1_3_Ch4",10,238.500720989423,0.498334926073478,290.40883942714,3.15540814399719,0,9.54764987904656e-06,9.54764990970966e-06,7100,11,7.1197,7.29605025656557e-06
"OR1_1182","SC2a","3","9","3","Kaohsiung","Canyon","OR1_1182_SC2a_3_9_Ch3",10,169.877655505672,0.00376086608118775,274.414649751914,1.72000002861023,0,-5.97201676320126e-06,-5.97201676309439e-06,14300,11,8.84213333333333,-5.14236333717225e-06
"OR1_1182","SC2a","3","9","4","Kaohsiung","Canyon","OR1_1182_SC2a_3_9_Ch4",10,263.724217285543,0.00173030423035425,274.603815069502,3.8199999332428,0,-0.000139912453905186,-0.000139912453904736,10300,11,8.84213333333333,-0.000120475327165813
"OR1_1190","FC1","1","1","3","Fangliao","Canyon","OR1_1190_FC1_1_1_Ch3",10,28.2824254028127,0.288026784078244,208.829894183946,-6.98999977111816,0.00303458476516266,-3.72530882458548e-14,-0.00303458476516279,4836,13,13.71915,-0.00318968536161286
"OR1_1190","FC2","2","5","3","Fangliao","Canyon","OR1_1190_FC2_2_5_Ch3",10,58.2889620433425,0.432595658921599,276.629157917955,1.88999998569489,0.00568638189406444,-3.76638914719583e-15,-0.00568638189406433,4343,13,6.70188333333333,-0.00367488556668258
"OR1_1190","FC2A","1","1","3","Fangliao","Canyon","OR1_1190_FC2A_1_1_Ch3",10,220.843656771006,0.48392940745369,232.219041158115,-4.03000020980835,0.00180258691012613,4.51273164818917e-14,-0.00180258691012623,6021,13,6.70188333333333,-0.00116494121255355
"OR1_1190","FC3","1","10","3","Fangliao","Canyon","OR1_1190_FC3_1_10_Ch3",10,46.2978770129607,0.0440536769231307,249.988807100955,-4.71999979019165,0.00417994249320159,2.43228824546659e-14,-0.00417994249320155,6711,13,5.62886666666667,-0.00250770868089634
"OR1_1190","FC4","1","10","3","Fangliao","Canyon","OR1_1190_FC4_1_10_Ch3",10,2.44342855907728,0.145887819165516,125.160578967856,-2.23000001907349,0.00155158617039343,-1.13455125134036e-15,-0.00155158617039342,5034,13,4.72726666666667,-0.00087446375219178
"OR1_1190","FS1","1","10","3","Fangliao","Slope","OR1_1190_FS1_1_10_Ch3",10,141.134815237538,0.197181674342032,251.106181809264,-3.9300000667572,0.00321671767491929,3.47250948800806e-14,-0.00321671767491928,8390,13,13.8970333333333,-0.00342307440684618
"OR1_1190","FS2","2","8","3","Fangliao","Slope","OR1_1190_FS2_2_8_Ch3",10,410.303885349429,0.105631830289623,246.609765878812,-3.10999989509583,0.000514610672708151,-3.06163398279908e-16,-0.000514610672708137,10562,13,9.23841666666667,-0.000396500598785736
"OR1_1190","FS3","1","8","3","Fangliao","Slope","OR1_1190_FS3_1_8_Ch3",10,65.3279169455627,0.259802353643,253.767140177429,-3.8199999332428,0.000873326748705581,-2.9796711391012e-16,-0.000873326748705619,6811,13,9.22315,-0.000672174833456223
"OR1_1190","FS5C","1","9","3","Fangliao","Slope","OR1_1190_FS5C_1_9_Ch3",10,142.455201667105,0.204087431790526,234.294284479803,-4.05000019073486,0.000343397337193642,-4.6277166236768e-17,-0.000343397337193661,9476,13,4.39003333333333,-0.000189064983162369
"OR1_1190","GC1","1","11","2","Gaoping","Canyon","OR1_1190_GC1_1_11_Ch2",10,755.79567227485,0.496593425896225,277.734831907189,-3.5757143497467,0.00855731106638204,2.28763742440242e-14,-0.00855731106638195,4100,13,12.55035,-0.00829471570560701
"OR1_1190","GC1","1","12","3","Gaoping","Canyon","OR1_1190_GC1_1_12_Ch3",10,1405.02189257618,0.499999735073908,275.912701283237,5.22591829299927,0.00762584645132282,-6.293988533164e-15,-0.00762584645132296,3800,13,12.55035,-0.0073918346356293
"OR1_1190","GC3","1","12","2","Gaoping","Canyon","OR1_1190_GC3_1_12_Ch2",10,12.4075536147779,0.0362710402150972,276.687361574482,-2.72740006446838,0.0149009293961471,-1.95266768260137e-14,-0.0149009293961473,6200,13,7.55346666666667,-0.0102154232768386
"OR1_1190","GC4","1","12","3","Gaoping","Canyon","OR1_1190_GC4_1_12_Ch3",10,97.8550832991865,0.453876331255936,300.203370430589,6.84517431259155,0.0132005614032039,-6.50543207874372e-15,-0.0132005614032037,5600,13,4.25391666666667,-0.00719961144713006
"OR1_1190","GC5","1","8","3","Gaoping","Canyon","OR1_1190_GC5_1_8_Ch3",10,6.20667415179925,0.35681579762182,315.932715888332,1.25460004806519,0.00941034055614026,-2.51425554816509e-14,-0.00941034055614006,5900,13,3.18378333333333,-0.00476549232657895
"OR1_1190","GC6","2","10","3","Gaoping","Canyon","OR1_1190_GC6_2_10_Ch3",10,4.68821021614455,0.280717455062949,275.004805580454,-0.788163244724274,0.00197239749950442,-1.04174829562709e-15,-0.00197239749950427,7500,13,2.87641666666667,-0.000977786909296871
"OR1_1190","GS1","1","1","3","Gaoping","Slope","OR1_1190_GS1_1_1_Ch3",10,3.8852490821791,0.438625897381574,241.805744223491,-3.32999992370605,0.00299407371374329,-1.63532646696315e-15,-0.00299407371374331,7501,13,12.7102333333333,-0.00293453735749337
"OR1_1190","GS3","1","1","3","Gaoping","Slope","OR1_1190_GS3_1_1_Ch3",10,27.6378649552558,0.256762286985783,255.918040716182,-3.90000009536743,0.00268740474427252,-6.61243228457298e-16,-0.0026874047442725,9476,13,6.61966666666667,-0.00172689490413673
"OR1_1190","GS4","1","1","3","Gaoping","Slope","OR1_1190_GS4_1_1_Ch3",10,29.3788204387348,0.200809100843307,216.156572997308,-8.52999973297119,0.00264669450644929,-1.01801421616552e-15,-0.00264669450644931,9771,13,5.89505,-0.00161742260755032
"OR1_1190","GS5","1","2","3","Gaoping","Slope","OR1_1190_GS5_1_2_Ch3",10,25.4773262416855,0.0271820515168386,320.873073510075,1.50795912742615,0.00946704491119932,-2.19016412159209e-14,-0.00946704491119935,10200,13,3.47288333333333,-0.00489124760783785
"OR1_1190","GS5B","1","10","3","Gaoping","Slope","OR1_1190_GS5B_1_10_Ch3",10,10.4119878613191,0.356848328524384,114.282065801902,-1.60000002384186,0.00159472912550325,-4.54688293498698e-16,-0.00159472912550325,13164,13,3.17146666666667,-0.000806897911557952
"OR1_1190","GS6","1","7","3","Gaoping","Slope","OR1_1190_GS6_1_7_Ch3",10,19.4941730915798,0.0052500611531674,275.320828109816,-0.337959170341492,0.000677867559684495,-5.34287817451776e-17,-0.000677867559684609,7700,13,2.65661666666667,-0.000330961888963783
"OR1_1190","HC1","1","5","3","Hongtsai","Canyon","OR1_1190_HC1_1_5_Ch3",10,43.0074069764887,0.122444212072285,146.391854555135,2.33999991416931,0.00158499073142636,-3.62221868671878e-16,-0.00158499073142639,13029,13,12.86485,-0.00157021205243722
"OR1_1219","GC1","1","2","1","Gaoping","Canyon","OR1_1219_GC1_1_2_Ch1",10,5.26688236884291,0.48907699278683,91.7939969822587,-0.709999978542328,0.00263194244240066,-2.28643243452441e-15,-0.00263194244240059,4244,24.2,12.3757,-0.00115965682881995
"OR1_1219","GC1","1","2","2","Gaoping","Canyon","OR1_1219_GC1_1_2_Ch2",10,2.07415183680884,0.441248511666996,108.546654010221,0.550000011920929,0.00286579919503436,-1.89872361804864e-15,-0.00286579919503432,3948,24.2,12.3757,-0.0012626961566519
"OR1_1219","GC1","1","2","3","Gaoping","Canyon","OR1_1219_GC1_1_2_Ch3",10,1.52518083953543,0.487875749310765,111.678621304835,-0.409999996423721,0.0014033487265884,-1.71422966785087e-14,-0.00140334872658832,4639,24.2,12.3757,-0.000618327706482657
"OR1_1219","GC1","1","3","1","Gaoping","Canyon","OR1_1219_GC1_1_3_Ch1",10,10.1994239318802,0.490094599106829,109.772851147605,-0.629999995231628,0.00334135086681338,2.62426597269036e-14,-0.00334135086681329,4146,24.32,12.3757,-0.0014600335128823
"OR1_1219","GC1","1","3","2","Gaoping","Canyon","OR1_1219_GC1_1_3_Ch2",10,0.0298115744078253,0.00166902116795609,84.9737475587766,0.409999996423721,0.00136923819552616,-1.02440042618825e-15,-0.00136923819552608,3948,24.32,12.3757,-0.00059830102622332
"OR1_1219","GC1","1","3","3","Gaoping","Canyon","OR1_1219_GC1_1_3_Ch3",10,4.36358449661908,0.428522851983461,112.633933674393,-0.330000013113022,0.000682542273823045,-6.65896784521513e-16,-0.000682542273822963,3948,24.32,12.3757,-0.000298243026088078
"OR1_1219","GC1","1","4","1","Gaoping","Canyon","OR1_1219_GC1_1_4_Ch1",10,6.96681039977754,0.0986494584315321,106.811489673888,-0.519999980926514,0.0039602815865693,-2.39016816112809e-15,-0.00396028158656927,5034,24.32,12.3757,-0.00173048089450013
"OR1_1219","GC1","1","4","2","Gaoping","Canyon","OR1_1219_GC1_1_4_Ch2",10,1.42454751145556,0.0678685410763775,95.2065363421494,0.649999976158142,0.00414402512499222,-2.68266778394027e-15,-0.00414402512499231,3849,24.32,12.3757,-0.00181076929717514
"OR1_1219","GC1","1","4","3","Gaoping","Canyon","OR1_1219_GC1_1_4_Ch3",10,2.55289242112212,0.209917589390898,113.36702820176,-0.28999999165535,0.00240598172454319,-1.8960761357541e-15,-0.00240598172454326,4640,24.32,12.3757,-0.00105131549760464
"OR1_1219","GS1","1","5","2","Gaoping","Slope","OR1_1219_GS1_1_5_Ch2",10,0.796504259844991,0.0465113133087515,110.766019080075,-0.419999986886978,0.00227108146170773,-1.30684905289946e-15,-0.00227108146170774,4343,24.21,15.6428,-0.00125410614073554
"OR1_1219","GS1","1","5","3","Gaoping","Slope","OR1_1219_GS1_1_5_Ch3",10,2.15054199426047,0.195145116467357,116.692434140746,-0.230000004172325,0.00178211520170383,-1.1922250957243e-15,-0.0017821152017039,5231,24.21,15.6428,-0.000984095751578382
"OR1_1219","GS1","1","6","2","Gaoping","Slope","OR1_1219_GS1_1_6_Ch2",10,14.1320495999652,0.0451894886634061,124.624526083692,-0.449999988079071,0.000846481584443768,-2.66058939585638e-16,-0.000846481584443763,6120,24,15.6428,-0.000474286459770639
"OR1_1219","GS1","1","6","3","Gaoping","Slope","OR1_1219_GS1_1_6_Ch3",10,6.78518839185751,0.277406680337194,124.788817630994,-0.319999992847443,0.00113190753174327,-5.36565188354518e-16,-0.00113190753174325,6317,24,15.6428,-0.000634211571620899
"OR1_1219","GS1","1","7","1","Gaoping","Slope","OR1_1219_GS1_1_7_Ch1",10,4.19271092025831,0.039985920224496,128.289353331529,-0.629999995231628,0.00104586114029127,-3.32880834500724e-16,-0.00104586114029131,6317,24.17,15.6428,-0.000579134888760164
"OR1_1219","GS1","1","7","2","Gaoping","Slope","OR1_1219_GS1_1_7_Ch2",10,38.4499355587975,0.18744449218082,96.9365566525987,-0.439999997615814,0.00229907938159921,-7.62561858200901e-16,-0.00229907938159917,6810,24.17,15.6428,-0.0012730916472739
"OR1_1219","GS1","1","7","3","Gaoping","Slope","OR1_1219_GS1_1_7_Ch3",10,8.03867402092199,0.499927498908076,118.850356934282,-0.189999997615814,0.00117857600101114,-5.72088605309401e-16,-0.00117857600101118,5725,24.17,15.6428,-0.000652624382861087
"OR1_1219","S3","1","3","1","Gaoping","Shelf","OR1_1219_S3_1_3_Ch1",10,10.765461813889,0.427664182689048,156.472573304186,-0.610000014305115,0.00326271170223288,-1.80904512039141e-15,-0.00326271170223278,4935,24.32,25.8054833333333,-0.00361656441491053
"OR1_1219","S3","1","3","2","Gaoping","Shelf","OR1_1219_S3_1_3_Ch2",10,3.06647308523882,0.31700187632634,156.338646874829,-0.140000000596046,0.00201143957406765,-1.34774882650311e-15,-0.00201143957406769,5823,24.32,25.8054833333333,-0.00222958736481002
"OR1_1219","S3","1","3","3","Gaoping","Shelf","OR1_1219_S3_1_3_Ch3",10,4.42948949211572,0.0193714655602469,144.832363377086,-0.330000013113022,0.00197311332858635,-7.98941339793344e-16,-0.00197311332858641,6515,24.32,25.8054833333333,-0.00218710450140843
"OR1_1219","S3","1","4","1","Gaoping","Shelf","OR1_1219_S3_1_4_Ch1",10,9.06939340473502,0.173158083652277,133.984483825079,-0.699999988079071,0.00225494193531299,-7.26967785929226e-16,-0.00225494193531305,6712,24.32,25.8054833333333,-0.00249949842499472
"OR1_1219","S3","1","4","2","Gaoping","Shelf","OR1_1219_S3_1_4_Ch2",10,7.71649080952627,0.0641255443784962,126.307134829379,-0.119999997317791,0.000903046542803419,-4.07091544389549e-16,-0.000903046542803381,6416,24.32,25.8054833333333,-0.00100098515890194
"OR1_1219","S3","1","4","3","Gaoping","Shelf","OR1_1219_S3_1_4_Ch3",10,2.52487206632393,0.0244647159090272,137.289366535776,-0.360000014305115,0.00225623352459221,-2.32893067837682e-14,-0.00225623352459207,5330,24.32,25.8054833333333,-0.00250093009173438
"OR1_1219","S3","1","8","1","Gaoping","Shelf","OR1_1219_S3_1_8_Ch1",10,4.36659124443185,0.173007815118905,141.330576336296,-0.629999995231628,0.00244584195121969,-1.40823151411175e-15,-0.00244584195121963,5823,25,25.8054833333333,-0.00258628186292051
"OR1_1219","S3","1","8","2","Gaoping","Shelf","OR1_1219_S3_1_8_Ch2",10,5.20451539410031,0.482610181955669,132.736153275902,0.46000000834465,0.0109282794020492,1.1666391834903e-14,-0.0109282794020493,5429,25,25.8054833333333,-0.0115557797168186
"OR1_1219","S3","1","8","3","Gaoping","Shelf","OR1_1219_S3_1_8_Ch3",10,3.70705155923695,0.208307191788807,133.785116676531,-0.349999994039536,0.00770059222761793,-3.24679319892119e-15,-0.00770059222761786,6317,25,25.8054833333333,-0.00814275918446144
"OR1_1219","S4","1","2","1","Gaoping","Shelf","OR1_1219_S4_1_2_Ch1",10,4.64044947170662,0.4351056303518,118.983873077973,-0.449999988079071,0.00285607355894566,-1.73684193632788e-15,-0.00285607355894566,5232,24.2,25.0175666666667,-0.00302259944056851
"OR1_1219","S4","1","2","3","Gaoping","Shelf","OR1_1219_S4_1_2_Ch3",10,48.2469945208256,0.373207456738842,123.410202978347,-0.200000002980232,0.000628414252951198,-1.92163699641966e-14,-0.000628414252951201,5133,24.2,25.0175666666667,-0.000665054498847281
"OR1_1219","S4","2","2","1","Gaoping","Shelf","OR1_1219_S4_2_2_Ch1",10,5.0329823043374,0.0105092820636219,135.197854424504,-0.579999983310699,0.000843666496656584,-2.61830453121964e-16,-0.000843666496656607,6910,25.17,25.0175666666667,-0.000834799350223911
"OR1_1219","S4","2","2","2","Gaoping","Shelf","OR1_1219_S4_2_2_Ch2",10,1.3127847452217,0.0154206154789777,131.243271743094,-0.230000004172325,0.00329395391970203,1.93296486763421e-14,-0.0032939539197019,6219,25.17,25.0175666666667,-0.00325933363803337
"OR1_1219","S4","2","2","3","Gaoping","Shelf","OR1_1219_S4_2_2_Ch3",10,3.31812813722148,0.0609083530089093,137.592447053488,-0.170000001788139,0.00110328125312562,-1.86872649067464e-14,-0.00110328125312558,8193,25.17,25.0175666666667,-0.00109168549050293
"OR1_1219","S4","2","3","1","Gaoping","Shelf","OR1_1219_S4_2_3_Ch1",10,3.73418223918853,0.140785548645713,129.04559579103,-0.5,0.00151351849168426,-9.95599102564134e-16,-0.0015135184916844,5034,25.05,25.0175666666667,-0.00151011976141707
"OR1_1219","S4","2","3","2","Gaoping","Shelf","OR1_1219_S4_2_3_Ch2",10,2.8384975207611,0.328153383341411,145.76540230043,-0.259999990463257,0.00121157161843666,-2.6766037427691e-14,-0.00121157161843681,5627,25.05,25.0175666666667,-0.00120885093470995
"OR1_1219","S4","2","3","3","Gaoping","Shelf","OR1_1219_S4_2_3_Ch3",10,34.0982280817617,0.0664406295500116,155.235949402631,-0.200000002980232,0.00375342190373607,-1.2692807950852e-15,-0.0037534219037361,6910,25.05,25.0175666666667,-0.00374499328611406
"OR1_1219","S5","1","2","1","Gaoping","Shelf","OR1_1219_S5_1_2_Ch1",10,17.875172535924,0.166330850936693,153.557084058303,-0.490000009536743,0.00244448291527949,-8.0262412927034e-16,-0.00244448291527948,8488,24.2,24.7317,-0.00253625415285818
"OR1_1219","S5","1","2","2","Gaoping","Shelf","OR1_1219_S5_1_2_Ch2",10,7.33226612497688,0.0552567796609686,141.557370298996,-0.28999999165535,0.00357624502299812,-3.46107750987835e-14,-0.00357624502299822,4540,24.2,24.7317,-0.00371050508658622
"OR1_1219","S5","1","2","3","Gaoping","Shelf","OR1_1219_S5_1_2_Ch3",10,3.29671103406735,0.0139618629030235,149.217800753579,-0.5,0.000345747556795541,-3.79142816687015e-16,-0.00034574755679551,6811,24.2,24.7317,-0.000358727676631327
"OR1_1219","S5","2","7","1","Gaoping","Shelf","OR1_1219_S5_2_7_Ch1",10,70.3590939394091,0.0855896497618208,146.826931935591,-0.560000002384186,0.00600393793119704,-1.96348926624965e-15,-0.00600393793119703,7205,24.09,24.7317,-0.0062770167662055
"OR1_1219","S5","2","7","2","Gaoping","Shelf","OR1_1219_S5_2_7_Ch2",10,6.38221373556181,0.351309232833303,117.946955653837,-0.409999996423721,0.00207546317907727,-2.62560307097865e-14,-0.00207546317907724,6613,24.09,24.7317,-0.00216986206753017
"OR1_1219","S5","2","7","3","Gaoping","Shelf","OR1_1219_S5_2_7_Ch3",10,0.0310716862596117,0.00134051214337183,111.999945305786,-0.25,0.00597192410220396,-3.0566361724764e-15,-0.00597192410220399,5133,24.09,24.7317,-0.00624354684302465
"OR1_1219","S5","2","8","1","Gaoping","Shelf","OR1_1219_S5_2_8_Ch1",10,6.66689898577932,0.347261681746059,163.506054982226,-0.340000003576279,0.00450156221784092,-5.33959328075998e-14,-0.00450156221784092,4245,25.22,24.7317,-0.00435175024445143
"OR1_1219","S5","2","8","2","Gaoping","Shelf","OR1_1219_S5_2_8_Ch2",10,1.48868817601289,0.183298671239212,156.475546436424,-0.0900000035762787,0.00344482976461546,-4.72319070060245e-14,-0.0034448297646155,4146,25.22,24.7317,-0.00333018584322693
"OR1_1219","S5","2","8","3","Gaoping","Shelf","OR1_1219_S5_2_8_Ch3",10,25.0990243833862,0.0122718258068152,159.613461095398,-0.490000009536743,0.00636460169098732,-1.82742953539991e-15,-0.00636460169098739,9476,25.22,24.7317,-0.00615278777105845
"OR1_1219","S6","1","1","1","Gaoping","Shelf","OR1_1219_S6_1_1_Ch1",10,10.4767523888286,0.435452549685224,121.63651238154,-1.02999997138977,0.00147056757246694,-1.07424166604958e-14,-0.00147056757246695,8587,16.76,24.8837833333333,-0.00258246967976118
"OR1_1219","S6","1","1","2","Gaoping","Shelf","OR1_1219_S6_1_1_Ch2",10,21.9473744135612,0.0121765564088649,118.716436629685,-1.00999999046326,0.000962218424110925,-3.99881311082752e-16,-0.000962218424110899,9574,16.76,24.8837833333333,-0.00168975567807839
"OR1_1219","S6","1","1","3","Gaoping","Shelf","OR1_1219_S6_1_1_Ch3",10,21.1822774962316,0.480063580310849,121.674734620808,-1.38999998569489,0.000451638482019453,-4.58217151643046e-16,-0.000451638482019419,7206,16.76,24.8837833333333,-0.000793124170466996
"OR1_1219","S6","1","10","1","Gaoping","Shelf","OR1_1219_S6_1_10_Ch1",10,2.56393261811926,0.00794754405118447,127.459770863424,-0.230000004172325,0.0019197809130214,-9.29639758218857e-16,-0.00191978091302137,6416,22.34,24.8837833333333,-0.00228995621265748
"OR1_1219","S6","1","10","2","Gaoping","Shelf","OR1_1219_S6_1_10_Ch2",10,3.3038711899974,0.00650070684113224,116.06941938049,-0.790000021457672,0.00177196595671953,-9.1385527073839e-16,-0.00177196595671959,6021,22.34,24.8837833333333,-0.00211363933440795
"OR1_1219","S6","1","10","3","Gaoping","Shelf","OR1_1219_S6_1_10_Ch3",10,0.850087645473302,0.0621438399958892,122.479383283637,-0.839999973773956,0.0026457813418135,-1.73963973228276e-15,-0.00264578134181358,4442,22.34,24.8837833333333,-0.00315594523308599
"OR1_1219","S6","1","3","1","Gaoping","Shelf","OR1_1219_S6_1_3_Ch1",10,5.63432706968307,0.200448873851328,122.094430522603,0,0.000679504207827945,-1.93637150934127e-16,-0.000679504207827923,9180,24.32,24.8837833333333,-0.000706583871316384
"OR1_1219","S6","1","3","2","Gaoping","Shelf","OR1_1219_S6_1_3_Ch2",10,4.30457769900168,0.0238685379798351,122.260932576274,-0.959999978542328,0.000597983928643557,-1.75356970830002e-14,-0.000597983928643603,7699,24.32,24.8837833333333,-0.000621814838552077
"OR1_1219","S6","1","3","3","Gaoping","Shelf","OR1_1219_S6_1_3_Ch3",10,7.16056253462189,0.00572442078165236,125.743073216769,-1.82000005245209,0.00189554988405963,-4.72780433179392e-16,-0.00189554988405963,8587,24.32,24.8837833333333,-0.00197109151043161
"OR1_1219","S7","2","3","1","Gaoping","Shelf","OR1_1219_S7_2_3_Ch1",10,24.3412141466204,0.0230320487856964,123.961009783428,-0.850000023841858,0.00139131523240836,-6.28421139445554e-16,-0.00139131523240838,7501,25.05,24.901,-0.00137701982535789
"OR1_1219","S7","2","3","2","Gaoping","Shelf","OR1_1219_S7_2_3_Ch2",10,1.65457658049263,0.0132964737224699,125.202374042185,-0.949999988079071,0.00076143930176471,-4.36937944842252e-16,-0.000761439301764685,8982,25.05,24.901,-0.000753615708297568
"OR1_1219","S7","2","3","3","Gaoping","Shelf","OR1_1219_S7_2_3_Ch3",10,106.879094476477,0.00246065827321484,118.687580744058,-1.39999997615814,-0.000696609515351806,-2.39562996443331e-16,0.000696609515351782,8785,25.05,24.901,0.000689452031307017
"OR1_1219","S7","2","4","1","Gaoping","Shelf","OR1_1219_S7_2_4_Ch1",10,21.4466950680604,0.00693139508708984,126.900150413094,-0.189999997615814,0.00170153842637731,-7.12892864956357e-16,-0.00170153842637729,8884,23.26,24.901,-0.0019065174455894
"OR1_1219","S7","2","4","2","Gaoping","Shelf","OR1_1219_S7_2_4_Ch2",10,706.193262582204,0.136667908169337,129.352208017786,-0.579999983310699,0.00440161006505396,-6.09142231757377e-16,-0.00440161006505393,21221,23.26,24.901,-0.0049318582804938
"OR1_1219","S7","2","4","3","Gaoping","Shelf","OR1_1219_S7_2_4_Ch3",10,185.232229475373,0.0448674016511327,130.887790013794,-0.779999971389771,0.00169662964723976,-3.48979507527717e-16,-0.00169662964723975,18457,23.26,24.901,-0.00190101732116248
"OR1_1219","S7","2","5","1","Gaoping","Shelf","OR1_1219_S7_2_5_Ch1",10,11.3996524513495,0.200285851010706,135.180885280885,-0.280000001192093,0.00299068059560289,-2.48150902909755e-14,-0.00299068059560288,4146,22.64,24.901,-0.00349810559353642
"OR1_1219","S7","2","5","2","Gaoping","Shelf","OR1_1219_S7_2_5_Ch2",10,1.79944673955478,0.0458776022814332,124.313739757597,-0.779999971389771,0.00203668979874139,-1.22851341847331e-14,-0.00203668979874144,7106,22.64,24.901,-0.00238225238353807
"OR1_1219","S7","2","5","3","Gaoping","Shelf","OR1_1219_S7_2_5_Ch3",10,10.2352679907546,0.463715834679747,137.535164566638,-0.879999995231628,0.00130976598901299,2.12091776791759e-14,-0.00130976598901288,3652,22.64,24.901,-0.00153199232948048
"OR1_1242","GC1","1","12","1","Gaoping","Canyon","OR1_1242_GC1_1_12_Ch1",10,3.5478437845227,0.225519628905688,99.0328759204695,-1.72000002861023,0.00063388497575186,-2.92049982918018e-14,-0.00063388497575189,3356,23,17.3759333333333,-0.000429248891082537
"OR1_1242","GC1","1","12","2","Gaoping","Canyon","OR1_1242_GC1_1_12_Ch2",10,0.681533581293693,0.13674645579866,71.7221058920473,-0.620000004768372,0.00256888882096519,-3.09438523654346e-15,-0.00256888882096514,2270,23,17.3759333333333,-0.00173957850382184
"OR1_1242","GC1","1","12","3","Gaoping","Canyon","OR1_1242_GC1_1_12_Ch3",10,7.32687765400007,0.20062386368616,98.9867364253393,-1.5900000333786,0.00190205108532801,-2.81133541875576e-14,-0.00190205108532805,3355,23,17.3759333333333,-0.00128801494023574
"OR1_1242","GC1","1","3","1","Gaoping","Canyon","OR1_1242_GC1_1_3_Ch1",10,0.553741804526497,0.0571333593235186,85.805681800396,-1.35000002384186,0.00142267648145316,-1.91720264878369e-15,-0.00142267648145313,2369,23.69,17.3759333333333,-0.000918404083439126
"OR1_1242","GC1","1","3","2","Gaoping","Canyon","OR1_1242_GC1_1_3_Ch2",10,3.11390907683116,0.499833255515688,83.5653137395237,-0.579999983310699,0.00255488403766551,-3.48093737206662e-14,-0.00255488403766553,2961,23.69,17.3759333333333,-0.00164929691570414
"OR1_1242","GC1","1","3","3","Gaoping","Canyon","OR1_1242_GC1_1_3_Ch3",10,2.58542942435168,0.386484381636681,71.4238933649384,-1.52999997138977,0.000707952709184155,-4.53348989570642e-16,-0.000707952709184055,4047,23.69,17.3759333333333,-0.000457016523062449
"OR1_1242","GC1","1","6","1","Gaoping","Canyon","OR1_1242_GC1_1_6_Ch1",10,13.2925500329784,0.0178161072169813,103.215645232661,-1.76999998092651,8.05663680293546e-05,1.34520330953509e-16,-8.05663680294127e-05,5034,23.52,17.3759333333333,-5.26258289347345e-05
"OR1_1242","GC1","1","6","2","Gaoping","Canyon","OR1_1242_GC1_1_6_Ch2",10,1.66084996590634,0.0147286159251617,87.2690964179886,-0.509999990463257,0.000426866137951183,2.47224367835012e-14,-0.000426866137951188,3750,23.52,17.3759333333333,-0.000278828311407173
"OR1_1242","GC1","1","6","3","Gaoping","Canyon","OR1_1242_GC1_1_6_Ch3",10,3.26542692161258,0.367117650394109,92.1990310491262,-1.76999998092651,0.00420011405759294,3.21299384225412e-14,-0.00420011405759298,2961,23.52,17.3759333333333,-0.00274350810775742
"OR1_1242","GS1","2","11","1","Gaoping","Slope","OR1_1242_GS1_2_11_Ch1",10,3.74980261172054,0.405876536491166,82.3876799897685,-4.30000019073486,0.00032668621399385,-1.47029840734395e-14,-0.000326686213993882,4837,22.5,13.47045,-0.000174708593774332
"OR1_1242","GS1","2","11","2","Gaoping","Slope","OR1_1242_GS1_2_11_Ch2",10,0.864143756516663,0.159742122893907,75.0818675290481,-2.09999990463257,0.000184218803378943,-7.77843651611175e-17,-0.000184218803378954,4342,22.5,13.47045,-9.85184152451869e-05
"OR1_1242","GS1","2","11","3","Gaoping","Slope","OR1_1242_GS1_2_11_Ch3",10,1.8852013671768,0.407558652596908,78.7923291337335,-1.55999994277954,0.000589944818089173,1.24210943610232e-14,-0.00058994481808919,4738,22.5,13.47045,-0.000315496721801511
"OR1_1242","GS1","2","4","1","Gaoping","Slope","OR1_1242_GS1_2_4_Ch1",10,5.06980956920974,0.177344220938705,113.662119722189,-2.89000010490417,0.00798123789058334,-4.92413037019931e-15,-0.00798123789058335,4245,25,13.47045,-0.00358918808229728
"OR1_1242","GS1","2","4","2","Gaoping","Slope","OR1_1242_GS1_2_4_Ch2",10,0.911794999021705,0.30984299741178,108.741979344957,-1.48000001907349,0.00822217428051612,-6.01221711524289e-15,-0.00822217428051621,3948,25,13.47045,-0.00369753794370901
"OR1_1242","GS1","2","4","3","Gaoping","Slope","OR1_1242_GS1_2_4_Ch3",10,4.95212008795343,0.0797118021746275,116.616987644965,-1.41999995708466,0.000291425211112543,-2.02095447597916e-14,-0.000291425211112519,4737,25,13.47045,-0.000131054844993421
"OR1_1242","GS1","2","7","1","Gaoping","Slope","OR1_1242_GS1_2_7_Ch1",10,2.0400514055925,0.0270082108881363,103.970443420794,-3.36999988555908,0.000808910896605633,-3.83040654993466e-16,-0.000808910896605656,6613,22.5,13.47045,-0.000432597640123728
"OR1_1242","GS1","2","7","2","Gaoping","Slope","OR1_1242_GS1_2_7_Ch2",10,1.47246716351519,0.00892565282940905,92.7989100188812,-2.11999988555908,0.000760111708582193,-1.68442131883341e-14,-0.000760111708582166,8291,22.5,13.47045,-0.000406500311397537
"OR1_1242","GS1","2","7","3","Gaoping","Slope","OR1_1242_GS1_2_7_Ch3",10,3.94948886702475,0.0120349959143424,100.180813875881,-1.6599999666214,0.000129546194503396,-2.36573844205024e-16,-0.000129546194503413,7699,22.5,13.47045,-6.92800384620187e-05
"OR1_1242","S1","2","1","2","Gaoping","Shelf","OR1_1242_S1_2_1_Ch2",10,1.53148562525327,0.430577301822017,76.1289897389424,-1.53999996185303,0.000305738626381647,-1.55153996474833e-14,-0.00030573862638166,5923,24.97,24.3681833333333,-0.000293247165662011
"OR1_1242","S1","2","1","3","Gaoping","Shelf","OR1_1242_S1_2_1_Ch3",10,7.70681874120327,0.407603209682578,80.9829289105446,-1.00999999046326,-0.000262877423869199,-8.73066944355234e-17,0.000262877423869147,4837,24.97,24.3681833333333,0.000252137128953827
"OR1_1242","S1","2","4","1","Gaoping","Shelf","OR1_1242_S1_2_4_Ch1",10,3.73940008149391,0.0931646979229657,119.119396945952,-0.589999973773956,0.00135404951506674,-9.50047217171958e-16,-0.00135404951506679,5429,25,24.3681833333333,-0.00129602974516333
"OR1_1242","S1","2","4","2","Gaoping","Shelf","OR1_1242_S1_2_4_Ch2",10,3.93305203384105,0.0182918222570372,116.723607790138,-0.990000009536743,0.000750098365303611,-4.49162799764271e-16,-0.000750098365303659,6120,25,24.3681833333333,-0.000717957343815435
"OR1_1242","S1","2","4","3","Gaoping","Shelf","OR1_1242_S1_2_4_Ch3",10,6.04103486135112,0.0541084760560568,119.694373269371,-0.560000002384186,0.000502888300356874,-2.96917100835093e-16,-0.000502888300356852,7896,25,24.3681833333333,-0.000481340001606191
"OR1_1242","S1","2","6","1","Gaoping","Shelf","OR1_1242_S1_2_6_Ch1",10,11.0875709189045,0.0406136647167292,138.819305333785,-0.75,0.0017484004637312,-6.24434208750258e-16,-0.00174840046373124,11746,25.87,24.3681833333333,-0.00157554831849282
"OR1_1242","S1","2","6","2","Gaoping","Shelf","OR1_1242_S1_2_6_Ch2",10,2.76573701414807,0.0298000106826455,142.928429631172,-1.0900000333786,0.00151321847645104,-8.25491047903772e-16,-0.00151321847645098,7699,25.87,24.3681833333333,-0.00136361713208233
"OR1_1242","S1","2","6","3","Gaoping","Shelf","OR1_1242_S1_2_6_Ch3",10,26.159992253693,0.0478436210136484,135.002308889268,-0.759999990463257,0.0030704918599752,-1.17115242731688e-15,-0.00307049185997512,6909,25.87,24.3681833333333,-0.00276693377019907
"OR1_1242","S2","6","12","1","Gaoping","Shelf","OR1_1242_S2_6_12_Ch1",10,11.5930065184157,0.0191275779672054,154.504813401442,-1.74000000953674,0.00109279164457529,-2.64784432075132e-16,-0.00109279164457523,9278,22.87,27.9797833333333,-0.00155724581075983
"OR1_1242","S2","6","12","2","Gaoping","Shelf","OR1_1242_S2_6_12_Ch2",10,9.02081141554715,0.458905872126482,141.51263707651,-0.569999992847443,0.00290565372121424,-2.6717240010768e-15,-0.00290565372121429,3060,22.87,27.9797833333333,-0.0041406036615868
"OR1_1242","S2","6","12","3","Gaoping","Shelf","OR1_1242_S2_6_12_Ch3",10,42.7742533164519,0.0379382613382505,150.296914436823,-1.87000000476837,0.00273368736758038,1.6981329143143e-14,-0.00273368736758039,7304,22.87,27.9797833333333,-0.00389554881959803
"OR1_1242","S2","6","6","1","Gaoping","Shelf","OR1_1242_S2_6_6_Ch1",10,7.32706411042033,0.48541524682918,150.056833816744,-1.71000003814697,0.00077528981455721,-3.94704030270285e-14,-0.00077528981455725,3455,23.25,27.9797833333333,-0.00107608045683147
"OR1_1242","S2","6","6","2","Gaoping","Shelf","OR1_1242_S2_6_6_Ch2",10,0.0166064035001448,0.0466102163628862,63.0562318985066,-0.400000005960464,0.0027005486779883,-4.14456868246278e-15,-0.00270054867798823,2073,23.25,27.9797833333333,-0.00374828560951076
"OR1_1242","S2","6","6","3","Gaoping","Shelf","OR1_1242_S2_6_6_Ch3",10,5.67103764552288,0.495879397595316,129.356661251029,-0.680000007152557,0.00397879916625211,-3.70154335928124e-15,-0.00397879916625215,3553,23.25,27.9797833333333,-0.00552246133519291
"OR1_1242","S2","6","7","1","Gaoping","Shelf","OR1_1242_S2_6_7_Ch1",10,5.55030771738414,0.139335888351534,169.151113042948,-1.61000001430511,0.00120992513348485,-4.2881162240635e-16,-0.00120992513348484,8489,23.15,27.9797833333333,-0.00169102280269098
"OR1_1242","S2","6","7","2","Gaoping","Shelf","OR1_1242_S2_6_7_Ch2",10,4.59213768939438,0.44555875354142,159.501472226718,-0.579999983310699,0.00114809014271334,-1.02810202705271e-15,-0.00114809014271324,5528,23.15,27.9797833333333,-0.00160460061299913
"OR1_1242","S2","6","7","3","Gaoping","Shelf","OR1_1242_S2_6_7_Ch3",10,19.7120748676715,0.497238621767578,150.008656570001,-1.62999999523163,0.00223535427041301,-1.38304348336564e-15,-0.00223535427041301,5330,23.15,27.9797833333333,-0.00312418920704106
"OR1_1242","S3","1","2","1","Gaoping","Shelf","OR1_1242_S3_1_2_Ch1",10,5.01194440943283,0.237481043106058,161.364793467274,-0.0700000002980232,0.00188962755681243,-9.72667123886948e-16,-0.00188962755681225,5231,24.5,28.1429,-0.00243241924499961
"OR1_1242","S3","1","2","2","Gaoping","Shelf","OR1_1242_S3_1_2_Ch2",10,2.75220734872672,0.451164986372504,165.896222305333,0.589999973773956,0.00312497035525076,-1.69721398102965e-15,-0.00312497035525092,5132,24.5,28.1429,-0.00402261176005958
"OR1_1242","S3","1","2","3","Gaoping","Shelf","OR1_1242_S3_1_2_Ch3",10,69.0425645821826,0.111314456040673,166.237151034512,-0.689999997615814,0.00217214230240126,-8.80541787105735e-16,-0.00217214230240122,7304,24.5,28.1429,-0.00279608577901548
"OR1_1242","S3","1","4","1","Gaoping","Shelf","OR1_1242_S3_1_4_Ch1",10,3.65078511618265,0.455216112310557,139.933085736296,-1.13999998569489,0.0019433680277844,-1.03594420513223e-15,-0.00194336802778446,5330,24.5,28.1429,-0.00250159655740538
"OR1_1242","S3","1","4","2","Gaoping","Shelf","OR1_1242_S3_1_4_Ch2",10,2.56190771421555,0.0257036615285994,143.874111313618,0.239999994635582,0.00106744352308808,-4.88327861952504e-16,-0.00106744352308814,5132,24.5,28.1429,-0.00137406451295088
"OR1_1242","S3","1","4","3","Gaoping","Shelf","OR1_1242_S3_1_4_Ch3",10,2.31964250930733,0.154250862904174,143.753125815078,-1,0.00373621334253123,-2.24639255725202e-15,-0.00373621334253141,4639,24.5,28.1429,-0.00480943305734226
"OR1_1242","S3","1","5","1","Gaoping","Shelf","OR1_1242_S3_1_5_Ch1",10,2.54053372864626,0.491873748615998,143.240035381177,-0.629999995231628,0.00305322095526829,-4.13397468511058e-14,-0.0030532209552685,4146,24.5,28.1429,-0.00393025249026314
"OR1_1242","S3","1","5","2","Gaoping","Shelf","OR1_1242_S3_1_5_Ch2",10,8.23506680456603,0.497368114541397,150.98645847335,-0.0700000002980232,0.000936076543974159,-8.97302816286599e-16,-0.000936076543973983,5133,24.5,28.1429,-0.00120496263517461
"OR1_1242","S3","1","5","3","Gaoping","Shelf","OR1_1242_S3_1_5_Ch3",10,6.55935733171643,0.492371830773229,152.79029703344,-1.42999994754791,0.000927652724291186,-4.13299901322998e-16,-0.000927652724291347,5231,24.5,28.1429,-0.00119411909035088
"OR1_1242","S5","1","7","2","Gaoping","Shelf","OR1_1242_S5_1_7_Ch2",10,18.8698773379056,0.0463954439142635,134.650050009788,-1.71000003814697,0.000140901190488225,-1.89259753225026e-14,-0.000140901190488274,9377,22,23.6886666666667,-0.000158397599078233
"OR1_1242","S5","1","7","3","Gaoping","Shelf","OR1_1242_S5_1_7_Ch3",10,18.0226963263172,0.0501063688300331,138.500470743923,-1.12000000476837,0.00104495887608677,-3.66113643235537e-16,-0.00104495887608671,10956,22,23.6886666666667,-0.00117471666870975
"OR1_1242","S5","1","8","1","Gaoping","Shelf","OR1_1242_S5_1_8_Ch1",10,9.83547939329899,0.0163078493899316,113.139143172953,-3.90000009536743,0.00211199321509272,-1.29543040697366e-14,-0.0021119932150927,11450,21.5,23.6886666666667,-0.00245797776764481
"OR1_1242","S5","1","8","2","Gaoping","Shelf","OR1_1242_S5_1_8_Ch2",10,3.0261361758106,0.0280264227471122,113.387708630282,-1.66999995708466,0.0010289665610698,1.15597896808582e-14,-0.00102896656106975,8686,21.5,23.6886666666667,-0.00119753080298052
"OR1_1242","S5","1","8","3","Gaoping","Shelf","OR1_1242_S5_1_8_Ch3",10,5.51991542836236,0.126148605977586,109.13081125149,-1.38999998569489,0.000543756185512101,-1.09497259220898e-14,-0.000543756185512087,11450,21.5,23.6886666666667,-0.000632833763601553
"OR1_1242","S5","1","9","1","Gaoping","Shelf","OR1_1242_S5_1_9_Ch1",10,3.50611554137297,0.000102645009985025,122.668360303805,-4.26999998092651,0.000930816928327776,-1.06223540915344e-16,-0.000930816928327777,10759,21.5,23.6886666666667,-0.00108330239852437
"OR1_1242","S5","1","9","2","Gaoping","Shelf","OR1_1242_S5_1_9_Ch2",10,3.41451014098874,0.00286404255939665,115.004104891456,-2.11999988555908,0.000550302971785067,9.40785114289744e-15,-0.000550302971785027,10265,21.5,23.6886666666667,-0.000640453037656703
"OR1_1242","S6","1","11","1","Gaoping","Shelf","OR1_1242_S6_1_11_Ch1",10,3.84545556871952,0.00948003213055437,128.734534431087,-1.55999994277954,0.00017492530549936,1.22350767271955e-14,-0.000174925305499315,9476,24.4,27.4940166666667,-0.000216766329333091
"OR1_1242","S6","1","11","3","Gaoping","Shelf","OR1_1242_S6_1_11_Ch3",10,9.5115967757692,0.491806123624481,127.784343551985,-1.44000005722046,0.00278533719032955,2.16168577179462e-14,-0.0027853371903295,6317,24.4,27.4940166666667,-0.00345157218379152
"OR1_1242","S6","1","3","1","Gaoping","Shelf","OR1_1242_S6_1_3_Ch1",10,4.31113882930689,0.0324598418565697,143.052017644707,-0.920000016689301,0.0014692625322322,-1.56040486261957e-14,-0.00146926253223226,6613,23.69,27.4940166666667,-0.00191254523530232
"OR1_1242","S6","1","3","2","Gaoping","Shelf","OR1_1242_S6_1_3_Ch2",10,2.63828188176189,0.0380947717801118,145.587043920083,-0.970000028610229,0.00298823684065579,-1.29766381594366e-15,-0.00298823684065573,6318,23.69,27.4940166666667,-0.00388980049934842
"OR1_1242","S6","1","3","3","Gaoping","Shelf","OR1_1242_S6_1_3_Ch3",10,1.35622906137006,0.483702647785004,142.931516831753,-1.07000005245209,0.00281466423608484,-1.40851837738736e-15,-0.00281466423608492,4936,23.69,27.4940166666667,-0.00366386030787933
"OR1_1242","S6","1","6","1","Gaoping","Shelf","OR1_1242_S6_1_6_Ch1",10,3.39507104551551,0.00582310230227912,146.054606528958,-1.5,0.00104818617200037,-8.41672715838421e-16,-0.00104818617200046,5823,23.52,27.4940166666667,-0.00138060120481291
"OR1_1242","S6","1","6","2","Gaoping","Shelf","OR1_1242_S6_1_6_Ch2",10,1.82701588395294,0.269707514821274,136.180821384724,-1.25999999046326,0.00231264054268751,-9.37501280383271e-16,-0.00231264054268764,6120,23.52,27.4940166666667,-0.00304605651631545
"OR1_1242","S6","1","6","3","Gaoping","Shelf","OR1_1242_S6_1_6_Ch3",10,4.43944838458832,0.131261440625484,144.133235134422,-1.4099999666214,0.000753462743377039,-2.24106676924285e-16,-0.000753462743377004,6415,23.52,27.4940166666667,-0.000992411080278473
"OR1_1242","S7","2","10","1","Gaoping","Shelf","OR1_1242_S7_2_10_Ch1",10,2.41465964796132,0.188954578697309,142.166077790361,-2.48000001907349,0.000641393941254944,-7.36703966069796e-16,-0.000641393941254893,5626,21.1,27.8059666666667,-0.00102092670679372
"OR1_1242","S7","2","10","2","Gaoping","Shelf","OR1_1242_S7_2_10_Ch2",10,3.54723093386688,0.0524817997475008,140.625735717259,-2.25999999046326,0.00108563684236068,-9.18919174682765e-16,-0.00108563684236074,6909,21.1,27.8059666666667,-0.00172804196447004
"OR1_1242","S7","2","10","3","Gaoping","Shelf","OR1_1242_S7_2_10_Ch3",10,52.9793941043043,0.0702755814150449,146.358971663474,-1.99000000953674,0.00218247420649555,-8.37173947842933e-16,-0.00218247420649561,10660,21.1,27.8059666666667,-0.0034739121481884
"OR1_1242","S7","2","2","1","Gaoping","Shelf","OR1_1242_S7_2_2_Ch1",10,1.67027529912862,0.0276616818414199,142.879179086667,-2.21000003814697,0.000697273214249549,-6.73516783853671e-16,-0.000697273214249433,6613,22.95,27.8059666666667,-0.000976297426596115
"OR1_1242","S7","2","2","2","Gaoping","Shelf","OR1_1242_S7_2_2_Ch2",10,1.14607357672669,0.0422371506434152,147.327213251287,-1.76999998092651,0.00140711355862665,-4.76958119187274e-16,-0.0014071135586267,6120,22.95,27.8059666666667,-0.001970190906723
"OR1_1242","S7","2","2","3","Gaoping","Shelf","OR1_1242_S7_2_2_Ch3",10,9.11678695245468,0.0143951600069774,146.904485337586,-1.86000001430511,0.00177133780112068,-1.14540709720271e-15,-0.00177133780112074,6415,22.95,27.8059666666667,-0.00248016487873857
"OR1_1242","S7","2","8","1","Gaoping","Shelf","OR1_1242_S7_2_8_Ch1",10,3.23405907972941,0.0240048262837721,145.652094160054,-1.62000000476837,0.000671402987706032,1.91281752719282e-14,-0.000671402987706086,8094,22.24,27.8059666666667,-0.000987496492341254
"OR1_1242","S7","2","8","2","Gaoping","Shelf","OR1_1242_S7_2_8_Ch2",10,6.7467376347273,0.0891120173058421,151.060079986819,-1.88999998569489,0.000122228301185321,-1.89304131332039e-16,-0.000122228301185312,7699,22.24,27.8059666666667,-0.000179772835235228
"OR1_1242","S7","2","8","3","Gaoping","Shelf","OR1_1242_S7_2_8_Ch3",10,8.0521311522215,0.288059100556288,150.200680203379,-1.94000005722046,-3.60075951173559e-05,7.82057351198765e-17,3.60075951173779e-05,7107,22.24,27.8059666666667,5.29598088288823e-05
